"","nota_matematica","nota_leitura","nota_escrita"
"nota_matematica",1,0.817579663672054,0.802642045949808
"nota_leitura",0.817579663672054,1,0.954598077146248
"nota_escrita",0.802642045949808,0.954598077146248,1
